channel,total_revenue
web,395535.25999999983
mobile,257921.94999999992
store,109744.78999999996